ID;customer_id;contact_name;contact_email;country;request_original;request_summary;urgency;relevance
c6d2812e-a581-4521-a197-4044c2ca297c;sap-spain-001;Maria García;maria.garcia@sap.com;ES;"Dear Altura support team, We are experiencing issues with our La Marzocco GB5 at our Barcelona office on Carrer de Pallars 193. The machine has been producing inconsistent espresso shots and the grinder seems to be malfunctioning. Additionally, at our Madrid office on Paseo de la Castellana 85, the MoccaMaster KBT is not heating water to the proper temperature. We need urgent assistance. Best regards, Maria García, Facilities Manager, SAP Spain";"Technician needed for La Marzocco GB5 grinder malfunction at Barcelona office (Carrer de Pallars 193); and repair of MoccaMaster KBT heating issue at Madrid office (Paseo de la Castellana 85). Contact: Maria García.";High;9
ab9068bc-b6e6-4360-9093-b3ad019e9da5;deutsche-bank-001;Klaus Müller;klaus.muller@db.com;DE;"Hello Altura team, We have two critical coffee machine failures at our Frankfurt headquarters on Taunusanlage 12. Our Jura Giga X8 is displaying an error code E8 and refusing to brew, and the WMF 1500S has a water leak from the brewing unit. Both machines serve over 200 employees and the situation is becoming urgent. Please send a technician as soon as possible. Best, Klaus Müller, Head of Facilities, Deutsche Bank AG";"Emergency repair for Jura Giga X8 (error code E8) and WMF 1500S (water leak in brewing unit) at Deutsche Bank Frankfurt headquarters (Taunusanlage 12). Contact: Klaus Müller.";High;10
ef2268d2-bbaf-4efd-b74f-2bfc71996420;bnp-france-001;Jean Dupont;jean.dupont@bnpparibas.com;FR;"Bonjour, Notre bureau situé au 16 Boulevard des Italiens à Paris dispose d'une machine Nespresso Aguila 220 qui présente des dysfonctionnements - les capsules ne sont pas percées correctement. Par ailleurs, au bureau de la rue d'Astorg, notre Franke A600 nécessite un remplacement du filtre à eau. Ce n'est pas urgent mais nous aimerions planifier une intervention dans les prochaines semaines. Cordialement, Jean Dupont, Responsable des Services Généraux, BNP Paribas";"Repair Nespresso Aguila 220 (capsule piercing malfunction) at 16 Boulevard des Italiens, Paris (75009); and water filter replacement for Franke A600 at 1 Rue d'Astorg, Paris (75008). Contact: Jean Dupont.";Low;4
6feaf265-ff2f-4d08-9dbd-c783c0983fcc;siemens-de-001;Anna Schmidt;anna.schmidt@siemens.com;DE;"Sehr geehrtes Altura-Team, in unserem Münchner Büro (Werner-von-Siemens-Str. 1) benötigt unser Jura E8 eine Wartung – der Mahlgrad stimmt nicht mehr und der Kaffee schmeckt bitter. Im Berliner Büro (Nonnendammallee 101) zeigt unser Siemens EQ.9 plus connect s700 einen Fehlercode und startet nicht mehr. Wir bitten um baldige Unterstützung. Mit freundlichen Grüßen, Anna Schmidt, Facilitymanagerin, Siemens AG";"Service Jura E8 (grind setting issue, bitter coffee) at Munich office (Werner-von-Siemens-Str. 1, 80333); and repair Siemens EQ.9 plus connect s700 (startup error code) at Berlin office (Nonnendammallee 101, 13629). Contact: Anna Schmidt.";Medium;7
80b4bdfd-a84b-48ac-b1d1-ea7ad06bfe9c;airbus-fr-001;Pierre Martin;pierre.martin@airbus.com;FR;"Bonjour, Nous avons une situation urgente dans nos bureaux toulousains. Au siège principal de Blagnac (1 Rond Point Maurice Bellonte, 31707), notre La Marzocco KB90 a cessé de fonctionner complètement ce matin — erreur critique sur l'écran. À Colomiers (1 Allée du Chêne Lièvre, 31770), la Nespresso Aguila 560 présente des fuites d'eau. Nous avons une réunion avec des clients importants cet après-midi. Intervention urgente requise. Merci, Pierre Martin, Responsable Facilities, Airbus SE";"Emergency repair La Marzocco KB90 (critical error, no function) at Airbus Blagnac HQ (1 Rond Point Maurice Bellonte, 31707); and fix Nespresso Aguila 560 water leak at Colomiers site (1 Allée du Chêne Lièvre, 31770). Contact: Pierre Martin.";High;10
0090f2cd-b7f6-4d9d-be88-3f5b89d38803;telefonica-es-001;Carlos Rodríguez;carlos.rodriguez@telefonica.com;ES;"Hola equipo de Altura, En nuestras oficinas del Distrito Telefónica (Calle García Faria 21, Madrid, 28016) tenemos dos problemas con las máquinas de café. El Jura X8 del piso 12 está mostrando error de molinillo y no produce café. El MoccaMaster KBGT de la sala de reuniones principal tampoco calienta el agua correctamente. Necesitamos solución en los próximos días. Gracias, Carlos Rodríguez, Responsable de Servicios, Telefónica España";"Repair Jura X8 (grinder error, no coffee) on floor 12 and fix MoccaMaster KBGT (heating issue) in main meeting room at Telefónica Distrito C (Calle García Faria 21, Madrid, 28016). Contact: Carlos Rodríguez.";Medium;6
3aec06d0-a33f-4483-ad08-4f60a9014e30;bmw-de-001;Wolfgang Fischer;wolfgang.fischer@bmw.com;DE;"Guten Tag, in unserem Münchner Hauptsitz (Petuelring 130, 80788) benötigen zwei Kaffeemaschinen Wartung. Der WMF 5000S+ im Vorstandsbereich zeigt einen Reinigungsalarm, den wir nicht eigenständig beheben können. Der Siemens EQ.700 integral im Mitarbeitercafé verhält sich unregelmäßig beim Mahlvorgang. Bitte um Terminvereinbarung für beide Geräte. Mit freundlichen Grüßen, Wolfgang Fischer, Facilities Director, BMW Group";"Service WMF 5000S+ (cleaning alarm) in executive area and repair Siemens EQ.700 integral (irregular grinding) in employee café at BMW Group Munich HQ (Petuelring 130, 80788). Contact: Wolfgang Fischer.";Medium;7
23380e3f-effc-4e0a-8b03-d5272737c6a1;sap-de-001;Thomas Berger;thomas.berger@sap.com;DE;"Hallo Altura, Im SAP-Hauptsitz in Walldorf (Dietmar-Hopp-Allee 16, 69190) benötigen wir Wartung für zwei Kaffeemaschinen. Der Jura Giga W3 im 3. Obergeschoss zeigt einen Reinigungsalarm und die MoccaMaster Cup-One im kleinen Besprechungsraum brüht nicht mehr auf die korrekte Temperatur. Kein Notfall — wir planen es für nächste Woche. Danke, Thomas Berger, Gebäudemanagement, SAP SE";"Service Jura Giga W3 (cleaning alert, floor 3) and repair MoccaMaster Cup-One (incorrect brew temperature, small meeting room) at SAP SE Walldorf HQ (Dietmar-Hopp-Allee 16, 69190). Contact: Thomas Berger.";Low;3
cede780f-ba86-42c7-adaf-8f810519786f;axa-fr-001;Isabelle Laurent;isabelle.laurent@axa.com;FR;"Bonjour équipe Altura, Situation urgente dans nos bureaux de Nanterre (313 Terrasses de l'Arche, 92000). Notre La Marzocco Linea PB AV ne chauffe plus correctement depuis ce matin — la température d'infusion est trop basse (environ 85°C au lieu de 93°C). La Bravilor Sego présente également des irrégularités de débit. Nous avons une réunion de direction dans deux heures. Veuillez envoyer un technicien en urgence. Cordialement, Isabelle Laurent, Directrice des Services Généraux, AXA France";"Emergency: repair La Marzocco Linea PB AV (low brew temperature ~85°C instead of 93°C) and fix Bravilor Sego (irregular flow) at AXA France Nanterre offices (313 Terrasses de l'Arche, 92000). Contact: Isabelle Laurent.";High;10
3d60368b-fef3-4026-8cd7-8c6b6c81c5cd;allianz-de-001;Sabine Koch;sabine.koch@allianz.com;DE;"Sehr geehrte Damen und Herren, bei der Allianz SE haben wir Wartungsbedarf an zwei Standorten. Am Hauptsitz in München (Königinstrasse 28, 80802) hat unsere La Marzocco Leva X einen Fehler beim Heizvorgang — der Hebel fühlt sich ungewöhnlich schwer an. Am Standort Unterföhring (Dieselstraße 8, 85774) zeigt die WMF 1100S einen Fehlercode beim Mahlwerk. Bitte um baldige Terminvereinbarung. Mit freundlichen Grüßen, Sabine Koch, Facilitymanagement, Allianz SE";"Repair La Marzocco Leva X (heating issue, heavy lever action) at Allianz SE Munich HQ (Königinstrasse 28, 80802); and fix WMF 1100S (grinder error code) at Unterföhring office (Dieselstraße 8, 85774). Contact: Sabine Koch.";Medium;7
d7c30406-9f8e-4a4e-a3cb-6103c1ae7d88;galp-pt-001;Ana Ferreira;ana.ferreira@galp.com;PT;"Olá equipa Altura, No nosso escritório principal em Lisboa (Rua Tomás da Fonseca, Torres de Lisboa, 1600-209), a nossa La Marzocco Linea Classic não está a funcionar corretamente — a pressão da bomba está inconsistente e os espressos saem com extração irregular. No escritório de Matosinhos (Rua Henrique Medina, Edifício Galp, 4450-177), a Nespresso Momento 100 apresenta um erro de manutenção e não prepara café. Precisamos de assistência técnica esta semana. Obrigada, Ana Ferreira, Responsável de Instalações, Galp Energia";"Repair La Marzocco Linea Classic (inconsistent pump pressure, irregular extraction) at Galp Energia Lisbon HQ (Rua Tomás da Fonseca, Torres de Lisboa, 1600-209); and fix Nespresso Momento 100 (maintenance error) at Matosinhos office (Rua Henrique Medina, 4450-177). Contact: Ana Ferreira.";Medium;6
39429a39-ccbd-447e-b3f0-07cbfedf0586;infosys-in-001;Priya Nair;priya.nair@infosys.com;IN;"Dear Altura team, We have an urgent issue at our Electronics City campus in Bengaluru (Electronics City Phase 1, 560100). Our La Marzocco Linea Classic in the executive lounge has completely stopped producing espresso — the pump is not engaging at all. With a leadership offsite starting tomorrow, we need immediate assistance. Regards, Priya Nair, Facilities Head, Infosys Limited";"Emergency repair La Marzocco Linea Classic (pump not engaging, no espresso output) at Infosys Electronics City campus, Bengaluru (Electronics City Phase 1, 560100). Contact: Priya Nair.";High;9
23b3a479-10c7-4fe1-899a-2c478792e8bf;tcs-in-001;Rajesh Sharma;rajesh.sharma@tcs.com;IN;"Hello Altura, At our TCS House office in Fort, Mumbai (Raveline Street, 400001), the Jura GIGA X8 in the main cafeteria is displaying a descaling alert and coffee output has reduced significantly. The milk frother is also not heating to the correct temperature. Please schedule a visit at your earliest convenience. Thanks, Rajesh Sharma, Workplace Services, Tata Consultancy Services";"Service Jura GIGA X8 (descaling alert, reduced output, milk frother temperature issue) at TCS House Fort, Mumbai (Raveline Street, 400001). Contact: Rajesh Sharma.";Medium;6
8ec88531-871e-4316-b159-ef93a53be3c8;wipro-in-001;Kavita Reddy;kavita.reddy@wipro.com;IN;"Hi Altura, Our WMF 5000S+ at Wipro's Gachibowli campus in Hyderabad (Survey No. 64, Gachibowli, 500032) is due for its scheduled annual maintenance. No urgent faults reported but we want it fully serviced before the next quarter. Please arrange a convenient time. Best, Kavita Reddy, Admin Services, Wipro Limited";"Annual scheduled maintenance for WMF 5000S+ at Wipro Gachibowli campus, Hyderabad (Survey No. 64, Gachibowli, 500032). Contact: Kavita Reddy.";Low;3
b9a75e58-37b3-4b1c-9847-d98ba7847ddc;hcl-in-001;Amit Gupta;amit.gupta@hcl.com;IN;"Dear Altura, We have an emergency at HCL Technologies Sector 126 campus in Noida (Plot No. 3A, Sector 126, 201304). The La Marzocco KB90 in the client reception area is showing a critical heating error and has stopped functioning. We have a major client presentation this afternoon. Urgent technician dispatch required. Regards, Amit Gupta, Facilities Director, HCL Technologies";"Emergency repair La Marzocco KB90 (critical heating error, no function) at HCL Technologies Sector 126 campus, Noida (Plot No. 3A, Sector 126, 201304). Contact: Amit Gupta.";High;10
9e947062-85a5-4618-89d4-6aa4d21a9d86;bbva-es-001;Isabel Vega;isabel.vega@bbva.com;ES;"Hola equipo Altura, Tenemos una situación urgente en la sede corporativa de BBVA en Las Tablas, Madrid (Calle de Azul 4, 28050). Nuestra La Marzocco Strada EP en la planta de dirección ha dejado de funcionar de repente — la pantalla muestra un error de temperatura. Tenemos reunión de consejo a las 10h. Por favor, envíen un técnico inmediatamente. Gracias, Isabel Vega, Responsable de Facilities, BBVA";"Emergency repair La Marzocco Strada EP (temperature error, no function) at BBVA corporate HQ Las Tablas, Madrid (Calle de Azul 4, 28050). Contact: Isabel Vega.";High;10
c24b6907-7f10-4abc-9972-4063856f44e2;inditex-es-001;Eduardo Casas;eduardo.casas@inditex.com;ES;"Buenos días equipo Altura, En las oficinas centrales de Inditex en Arteixo, A Coruña (Avenida de la Diputación, 15142), la Nespresso Aguila 560 del comedor principal presenta fallos intermitentes al preparar bebidas — a veces no calienta bien y otras no expulsa correctamente la cápsula. No es urgente pero nos gustaríamos programar una visita esta semana. Saludos, Eduardo Casas, Servicios Generales, Inditex";"Repair Nespresso Aguila 560 (intermittent heating failure, capsule ejection issue) at Inditex HQ Arteixo, A Coruña (Avenida de la Diputación, 15142). Contact: Eduardo Casas.";Medium;6
234aed87-eea7-4eb6-90bd-1bec45a86070;caixabank-es-001;Marta Puig;marta.puig@caixabank.com;ES;"Hola, Desde CaixaBank en Barcelona (Avenida Diagonal 621, 08028) solicitamos el mantenimiento preventivo anual de nuestra WMF 1500S en la sala de empleados. El equipo funciona correctamente pero está próximo a su revisión semestral según nuestro contrato de servicio. Por favor, contacten para coordinar fecha. Gracias, Marta Puig, Administración de Oficinas, CaixaBank";"Scheduled semi-annual maintenance for WMF 1500S at CaixaBank Barcelona offices (Avenida Diagonal 621, 08028). Contact: Marta Puig.";Low;4
57001999-a99e-46ed-8c4c-a73256495be5;edp-pt-001;Ricardo Mendes;ricardo.mendes@edp.com;PT;"Bom dia equipa Altura, Temos uma situação urgente na sede da EDP em Lisboa (Avenida 24 de Julho 12, 1249-300). A nossa Jura Giga X8 na sala de reuniões executivas apresentou um erro crítico esta manhã e recusa-se a ligar. Temos uma reunião com investidores daqui a duas horas. Precisamos de assistência imediata. Obrigado, Ricardo Mendes, Diretor de Facilities, EDP — Energias de Portugal";"Emergency repair Jura Giga X8 (critical startup error, no function) at EDP headquarters Lisbon (Avenida 24 de Julho 12, 1249-300). Contact: Ricardo Mendes.";High;9
248b6fc3-a350-44f9-9bdb-f87abcde28af;sonae-pt-001;Sofia Carvalho;sofia.carvalho@sonae.com;PT;"Olá equipa Altura, No campus principal da Sonae em Maia, Porto (Lugar do Espido, Via Norte, 4470-177), a nossa Franke A600 no refeitório central está a produzir café com sabor amargo e a temperatura da água parece incorreta. O moinho também está a fazer um ruído invulgar. Não é urgente mas gostaríamos de uma visita técnica esta semana. Cumprimentos, Sofia Carvalho, Gestora de Instalações, Sonae";"Repair Franke A600 (bitter coffee, incorrect water temperature, unusual grinder noise) at Sonae campus Maia, Porto (Lugar do Espido, Via Norte, 4470-177). Contact: Sofia Carvalho.";Medium;5
e4cc7b5c-a607-442f-bcfd-af807b1c63de;millennium-pt-001;Luís Fonseca;luis.fonseca@millenniumbcp.pt;PT;"Boa tarde, O Millennium BCP pretende agendar a manutenção preventiva anual da De'Longhi Dinamica Plus no nosso escritório de Taguspark (Avenida Professor Dr. Cavaco Silva, Porto Salvo, 2740-244). O equipamento está operacional mas a revisão anual está prevista para este mês conforme o nosso contrato. Por favor entrem em contacto para marcar data. Obrigado, Luís Fonseca, Serviços Administrativos, Millennium BCP";"Annual preventive maintenance for De'Longhi Dinamica Plus at Millennium BCP Taguspark office (Avenida Professor Dr. Cavaco Silva, Porto Salvo, 2740-244). Contact: Luís Fonseca.";Low;3
